"","data_set","unit","prediction_horizon","lag_structure","prediction_time","pred_mean","pred_var","lb50","ub50","lb95","ub95","obs","unit_wise_log_score","unit_wise_pit_l","unit_wise_pit_u","multiv_log_score"
"1","dengue_sj",1,1,"geom",200,9.24637863617514,47.1358858185257,4,13,0,26,7,2.70017546708551,0.416327404793143,0.483521126211966,2.70017546708551
"2","dengue_sj",1,2,"geom",200,9.60305012463966,50.7867841841588,4,13,1,28,4,2.66230631693898,0.190639049868995,0.260426134732773,2.66230631693898
"3","dengue_sj",1,3,"geom",200,9.97365440768425,54.2277171773597,5,14,1,29,2,2.91377990792433,0.0633441191947202,0.117614324497569,2.91377990792433
"4","dengue_sj",1,4,"geom",200,10.8286193547433,63.6843983257916,5,15,1,31,8,2.83629804994102,0.40892691702562,0.46756927272751,2.83629804994102
"5","dengue_sj",1,5,"geom",200,11.721171210863,74.2728104640448,5,16,1,34,20,3.94514863389411,0.83756918075919,0.856917521095966,3.94514863389411
"6","dengue_sj",1,6,"geom",200,12.6729182610219,84.6906581958801,6,17,1,36,14,3.28432165713681,0.622721126327915,0.660187117591087,3.28432165713681
"7","dengue_sj",1,7,"geom",200,14.1248951888044,105.192436806488,7,19,1,40,15,3.34400932924469,0.605009365761522,0.640304529491525,3.34400932924469
"8","dengue_sj",1,8,"geom",200,15.7544713039334,129.967546190451,7,21,1,45,25,4.081564817693,0.812559881638319,0.829440910879104,4.081564817693
"9","dengue_sj",1,1,"geom",201,9.24122071524454,46.8970685352584,4,13,0,26,4,2.62387874169766,0.199506625804725,0.272027652071357,2.62387874169766
"10","dengue_sj",1,2,"geom",201,9.73769306254417,50.9965170347625,4,13,1,28,2,2.88897696916325,0.0649293660276179,0.120562463911125,2.88897696916325
"11","dengue_sj",1,3,"geom",201,10.5265009449746,59.6786752439994,5,14,1,30,8,2.82084545122094,0.420549214295082,0.48010478438378,2.82084545122094
"12","dengue_sj",1,4,"geom",201,11.5250419341888,71.5364250769195,5,16,1,33,20,3.96592776657447,0.84424152260992,0.86319196947285,3.96592776657447
"13","dengue_sj",1,5,"geom",201,12.5450052893356,82.9812815142905,6,17,1,36,14,3.2835212030596,0.628400587669462,0.665896580744031,3.2835212030596
"14","dengue_sj",1,6,"geom",201,13.9361753747608,101.440039349388,7,19,1,40,15,3.34367826653668,0.611097653613628,0.646404504190548,3.34367826653668
"15","dengue_sj",1,7,"geom",201,15.6205004588835,125.960400677137,7,21,1,44,25,4.08653450721475,0.815602643092921,0.832399986976929,4.08653450721475
"16","dengue_sj",1,8,"geom",201,17.7433670165537,164.473122881553,8,24,2,50,9,3.21269956384123,0.254463756001159,0.294711570939344,3.21269956384123
"17","dengue_sj",1,1,"geom",202,9.0289628906185,44.9546216741915,4,12,0,26,2,2.78012644572099,0.0736717319597192,0.135702395329214,2.78012644572099
"18","dengue_sj",1,2,"geom",202,9.859914909254,52.2955483516582,5,14,1,28,8,2.79391820940568,0.450471995835833,0.511653019438026,2.79391820940568
"19","dengue_sj",1,3,"geom",202,10.8921554277708,63.8144874867802,5,15,1,31,20,4.04379342098208,0.865022842550914,0.882553686799686,4.04379342098208
"20","dengue_sj",1,4,"geom",202,12.0870121324407,76.6000200296961,6,17,1,35,14,3.29186087547829,0.646418218651576,0.683602807735374,3.29186087547829
"21","dengue_sj",1,5,"geom",202,13.4733051093294,94.7501728009271,6,18,1,38,15,3.34892246132537,0.628377438473566,0.663499617698186,3.34892246132537
"22","dengue_sj",1,6,"geom",202,15.2295908961659,122.06376106469,7,21,1,43,25,4.12167017462818,0.827447995621012,0.843665401531386,4.12167017462818
"23","dengue_sj",1,7,"geom",202,17.1888227098038,151.717153707862,8,23,2,49,9,3.1861649920055,0.264276750903381,0.3056068194473,3.1861649920055
"24","dengue_sj",1,8,"geom",202,19.9635499495553,206.780891577732,9,27,2,56,6,3.441238403701,0.114139418208561,0.146164419089195,3.441238403701
"25","dengue_sj",1,1,"geom",203,8.85879272546011,43.6662838001243,4,12,0,25,8,2.76401807232799,0.505095217104614,0.568133184797403,2.76401807232799
"26","dengue_sj",1,2,"geom",203,9.97267084743492,54.1991533936852,5,14,1,29,20,4.18971834778321,0.893577136900276,0.908727688358852,4.18971834778321
"27","dengue_sj",1,3,"geom",203,11.2602489392142,67.5701722483688,5,15,1,32,14,3.32065995545271,0.682990173849103,0.719119154215995,3.32065995545271
"28","dengue_sj",1,4,"geom",203,12.6858390486622,84.7181248576137,6,17,1,36,15,3.36708728448799,0.659540963302083,0.694030913896759,3.36708728448799
"29","dengue_sj",1,5,"geom",203,14.4377572594945,108.429597559989,7,20,1,41,25,4.18539748083406,0.846756741251524,0.861972897860652,4.18539748083406
"30","dengue_sj",1,6,"geom",203,16.6370909181291,144.833619234121,8,23,1,47,9,3.15619993015905,0.278527675883899,0.321114944457068,3.15619993015905
"31","dengue_sj",1,7,"geom",203,19.3906003090455,195.900879212936,9,26,2,55,6,3.40049296767542,0.120442765491918,0.153799587563402,3.40049296767542
"32","dengue_sj",1,8,"geom",203,22.6165051977874,268.947470167916,11,30,2,64,10,3.44974219968722,0.211595077179879,0.243348898647949,3.44974219968722
"33","dengue_sj",1,1,"geom",204,9.88459704924991,52.9766195046876,5,14,1,28,20,4.20528119711764,0.89802709659422,0.912943687571104,4.20528119711764
"34","dengue_sj",1,2,"geom",204,11.1097203519761,64.5799671806645,5,15,1,32,14,3.31954077713183,0.688166880670149,0.724336318443926,3.31954077713183
"35","dengue_sj",1,3,"geom",204,12.567197007019,81.7324800770448,6,17,1,36,15,3.36509083347465,0.662627827779326,0.697186704651892,3.36509083347465
"36","dengue_sj",1,4,"geom",204,14.3924574527994,107.470082173957,7,20,1,41,25,4.18938864514224,0.848518621043235,0.863674168502191,4.18938864514224
"37","dengue_sj",1,5,"geom",204,16.4922376471,140.596907368022,8,22,1,47,9,3.14889566502592,0.280200995504752,0.323100471614105,3.14889566502592
"38","dengue_sj",1,6,"geom",204,19.1190610636919,188.669048658566,9,26,2,54,6,3.38571551882878,0.1220255247479,0.155878935672655,3.38571551882878
"39","dengue_sj",1,7,"geom",204,22.6776210510247,269.168992176703,11,31,2,64,10,3.45280701585116,0.209521161421355,0.241177812245264,3.45280701585116
"40","dengue_sj",1,8,"geom",204,26.9096980015015,384.79312285351,13,36,3,77,16,3.61675302402851,0.324627751145059,0.351497531680561,3.61675302402851
"41","dengue_sj",1,1,"geom",205,12.7624560732421,84.6278599266458,6,17,1,36,14,3.26982153097596,0.618722542615423,0.656735753265856,3.26982153097596
"42","dengue_sj",1,2,"geom",205,14.024654957877,100.083764238291,7,19,1,40,15,3.33547695339698,0.605125454601687,0.640723058365423,3.33547695339698
"43","dengue_sj",1,3,"geom",205,15.8266703463674,127.47713783076,8,22,1,45,25,4.06600948561606,0.809516223381557,0.826661895606485,4.06600948561606
"44","dengue_sj",1,4,"geom",205,17.7640817265736,161.456140290334,8,24,2,50,9,3.21750818870888,0.252199882787852,0.292254625659858,3.21750818870888
"45","dengue_sj",1,5,"geom",205,20.5464768364346,219.5535810946,10,28,2,58,6,3.48117236296527,0.108798069156125,0.139569383884245,3.48117236296527
"46","dengue_sj",1,6,"geom",205,23.9651988786806,297.556753185182,11,32,2,68,10,3.51644851965944,0.192297440564341,0.222002184434528,3.51644851965944
"47","dengue_sj",1,7,"geom",205,27.7913217831317,402.854111268139,13,37,3,79,16,3.64430498432803,0.30967725950482,0.335816830458354,3.64430498432803
"48","dengue_sj",1,8,"geom",205,32.6594855222314,567.333058134533,15,44,4,94,42,4.44324840908087,0.724226835378357,0.735984518033293,4.44324840908087
"49","dengue_sj",1,1,"geom",206,14.2819761755481,103.736896768591,7,19,1,40,15,3.32507972083705,0.596569517950024,0.632539169058455,3.32507972083705
"50","dengue_sj",1,2,"geom",206,15.8475428631448,125.761200696814,8,22,1,44,25,4.05725762152094,0.80936840636405,0.826664793739365,4.05725762152094
"51","dengue_sj",1,3,"geom",206,17.9269260593169,161.902133082696,9,24,2,50,9,3.22718406972262,0.246888595489638,0.286557642418756,3.22718406972262
"52","dengue_sj",1,4,"geom",206,20.667939277596,216.0038947779,10,28,2,58,6,3.49883468892878,0.105984930299439,0.136217523578215,3.49883468892878
"53","dengue_sj",1,5,"geom",206,23.9559701588915,295.230379535034,11,32,2,68,10,3.51644980740568,0.191477735187042,0.221182440805081,3.51644980740568
"54","dengue_sj",1,6,"geom",206,27.8920175858967,403.086649978711,13,37,3,79,16,3.64518467361325,0.306638828273678,0.332755414637855,3.64518467361325
"55","dengue_sj",1,7,"geom",206,32.7491429964964,572.118785555365,16,44,4,94,42,4.43867210204011,0.723699218101817,0.735510830828834,4.43867210204011
"56","dengue_sj",1,8,"geom",206,39.1730626337976,854.088552608345,18,52,4,114,38,4.26674070374408,0.580848273000014,0.59487570127191,4.26674070374408
"57","dengue_sj",1,1,"geom",207,16.0683890976482,128.606823832486,8,22,1,44,25,4.03514791605322,0.805849507392669,0.823532571703311,4.03514791605322
"58","dengue_sj",1,2,"geom",207,18.0207950709495,161.042739100789,9,24,2,50,9,3.23315181761643,0.242805062215854,0.28223807925764,3.23315181761643
"59","dengue_sj",1,3,"geom",207,20.7257682214788,215.221736334131,10,28,2,58,6,3.50823838814434,0.104179901074969,0.134129528687261,3.50823838814434
"60","dengue_sj",1,4,"geom",207,24.1221516660218,296.952268454056,12,32,3,68,10,3.52568485799058,0.187967956457618,0.217399600426433,3.52568485799058
"61","dengue_sj",1,5,"geom",207,28.203106535935,417.652870065725,13,38,3,80,16,3.6509656203855,0.302640926246761,0.328606969575186,3.6509656203855
"62","dengue_sj",1,6,"geom",207,33.1000184620296,581.470132338703,16,44,4,95,42,4.43082339019786,0.718400819261856,0.73030550269837,4.43082339019786
"63","dengue_sj",1,7,"geom",207,39.8001068418358,901.431657442616,19,53,4,117,38,4.26591566423966,0.574140298637493,0.588179304867338,4.26591566423966
"64","dengue_sj",1,8,"geom",207,48.2160716854708,1340.21631507275,22,64,6,143,24,4.14712922782078,0.266766489080577,0.282576226635807,4.14712922782078
"65","dengue_sj",1,1,"geom",208,19.773029732014,189.519050181861,10,27,2,54,9,3.33348291944775,0.209030686389124,0.244699343801427,3.33348291944775
"66","dengue_sj",1,2,"geom",208,22.1152239537336,236.7202479473,11,30,2,61,6,3.61683431179273,0.0911750906241508,0.118042687064039,3.61683431179273
"67","dengue_sj",1,3,"geom",208,25.5646439867249,325.225903161182,12,34,3,72,10,3.60117984879972,0.169530193216992,0.196821696813575,3.60117984879972
"68","dengue_sj",1,4,"geom",208,29.8783876385284,462.462460383951,14,40,3,84,16,3.70159577874504,0.277595855203166,0.302279959858075,3.70159577874504
"69","dengue_sj",1,5,"geom",208,34.7113792281426,634.952030597624,17,46,4,99,42,4.40081319464761,0.694352352480164,0.70661971257445,4.40081319464761
"70","dengue_sj",1,6,"geom",208,41.0723672732284,928.770701057771,19,55,5,120,38,4.2612132243784,0.555045887687341,0.569151066965143,4.2612132243784
"71","dengue_sj",1,7,"geom",208,50.0672571061757,1446.04251770778,23,66,6,148,24,4.18287428882382,0.251578824731861,0.26683342310335,4.18287428882382
"72","dengue_sj",1,8,"geom",208,60.6694652312166,2330.25473216408,28,80,7,187,39,4.42264040050403,0.388481709642521,0.400484208646975,4.42264040050403
"73","dengue_sj",1,1,"geom",209,20.1807629904885,196.966107808692,10,27,2,55,6,3.48940351368982,0.105592476760787,0.136111547711826,3.48940351368982
"74","dengue_sj",1,2,"geom",209,23.5612726160971,272.220906134021,11,32,3,65,10,3.50838807056775,0.190409016988794,0.220354162003735,3.50838807056775
"75","dengue_sj",1,3,"geom",209,27.4981790355991,380.320299600761,13,37,3,77,16,3.63192203611619,0.308142266638564,0.334607534930343,3.63192203611619
"76","dengue_sj",1,4,"geom",209,32.5369231939353,549.147640085251,16,44,4,93,42,4.43243437231207,0.726169155490841,0.738054676134866,4.43243437231207
"77","dengue_sj",1,5,"geom",209,39.0118894057438,822.555474847393,19,52,4,113,38,4.25787994749039,0.580757318219905,0.594909592412385,4.25787994749039
"78","dengue_sj",1,6,"geom",209,46.7370449630966,1243.37756576468,22,62,5,138,24,4.11914145067264,0.276485678931081,0.292744146078664,4.11914145067264
"79","dengue_sj",1,7,"geom",209,58.4221221147552,2132.52371390993,27,77,7,179,39,4.40283479741922,0.404283595496115,0.41652618091195,4.40283479741922
"80","dengue_sj",1,8,"geom",209,69.9729409534877,3265.62898922941,31,91,8,219,88,5.26203343194117,0.730211076799957,0.735395827953718,5.26203343194117
"81","dengue_sj",1,1,"geom",210,20.2455648146954,199.220184600874,10,27,2,55,10,3.3460909955511,0.237206095481356,0.272427862878085,3.3460909955511
"82","dengue_sj",1,2,"geom",210,24.2144758911918,287.132471606091,12,33,3,68,16,3.54007899545968,0.360682751932052,0.389693787183663,3.54007899545968
"83","dengue_sj",1,3,"geom",210,28.9204014367197,432.306115504198,14,39,3,82,42,4.52093761414654,0.782300454868458,0.793179273619264,4.52093761414654
"84","dengue_sj",1,4,"geom",210,34.8919108292122,650.487513215176,17,47,4,100,38,4.26828227107339,0.638772795462055,0.652778616167851,4.26828227107339
"85","dengue_sj",1,5,"geom",210,43.1712720388868,1055.86484591264,20,57,5,127,24,4.05287857891574,0.307689147110742,0.325061442183509,4.05287857891574
"86","dengue_sj",1,6,"geom",210,51.984875692413,1586.65738954777,24,69,6,155,39,4.34817095977125,0.453766675245324,0.466697116507556,4.34817095977125
"87","dengue_sj",1,7,"geom",210,64.278384023849,2701.58378319816,29,84,7,200,88,5.3251205834701,0.766553625606093,0.771421389613056,5.3251205834701
"88","dengue_sj",1,8,"geom",210,78.3081734096984,4294.27080770862,34,102,9,249,71,4.95378241558607,0.57266000586773,0.579716673006611,4.95378241558607
"89","dengue_sj",1,1,"geom",211,21.4048197186625,221.256362832875,10,29,2,59,16,3.45939061176646,0.416512469430677,0.447961390213172,3.45939061176646
"90","dengue_sj",1,2,"geom",211,26.1299259640526,345.151401235764,13,35,3,73,42,4.61935324449617,0.826762553884264,0.836621724356652,4.61935324449617
"91","dengue_sj",1,3,"geom",211,32.2792354515524,556.483319628106,15,43,4,93,38,4.29201523975806,0.679663698903339,0.69334103330084,4.29201523975806
"92","dengue_sj",1,4,"geom",211,39.8414695024612,908.999252107439,19,53,4,118,24,3.99008798168267,0.342604664098749,0.36110275065419,3.99008798168267
"93","dengue_sj",1,5,"geom",211,49.2100828180942,1477.88048056651,23,65,5,149,39,4.33638206326348,0.485970933022765,0.499054711984092,4.33638206326348
"94","dengue_sj",1,6,"geom",211,59.7983177199795,2370.22814580699,27,78,7,186,88,5.38894054386056,0.797005146405644,0.80157195551323,5.38894054386056
"95","dengue_sj",1,7,"geom",211,76.1650917036261,4346.80389116842,33,98,8,249,71,4.95733043861167,0.592475999919234,0.59950767420445,4.95733043861167
"96","dengue_sj",1,8,"geom",211,90.4477655800825,6179.94514446198,38,117,10,301,65,4.91267338774264,0.469031028154173,0.476383833287736,4.91267338774264
"97","dengue_sj",1,1,"geom",212,24.4517910055911,283.947565309924,12,33,3,66,42,4.67904675594844,0.85519769300663,0.864485556275627,4.67904675594844
"98","dengue_sj",1,2,"geom",212,30.3831689414247,467.78098629259,15,41,3,85,38,4.30102077343105,0.708196681941566,0.721751397595898,4.30102077343105
"99","dengue_sj",1,3,"geom",212,37.6800860352604,770.183365725299,18,50,4,109,24,3.95104627840387,0.360842620808519,0.380077187340637,3.95104627840387
"100","dengue_sj",1,4,"geom",212,46.9371045178399,1303.57825613415,22,62,5,140,39,4.3164909897935,0.505803353533005,0.519149988480152,4.3164909897935
"101","dengue_sj",1,5,"geom",212,59.398114383375,2293.326450557,27,78,7,184,88,5.39265723235138,0.799194498213849,0.803744365417976,5.39265723235138
"102","dengue_sj",1,6,"geom",212,71.7850623347399,3483.93206686193,32,94,8,228,71,4.96180234345562,0.614068950953151,0.621069250464857,4.96180234345562
"103","dengue_sj",1,7,"geom",212,89.5751053255083,6763.77294052877,37,115,9,301,65,4.90722963721888,0.479105227509584,0.486498168625966,4.90722963721888
"104","dengue_sj",1,8,"geom",212,102.334121391716,8884.21245303164,42,131,10,353,101,5.38416229544481,0.633455544244569,0.638044226917585,5.38416229544481
"105","dengue_sj",1,1,"geom",213,36.482434570664,612.572647425946,18,49,5,98,38,4.20514836480747,0.60315460006162,0.618073172575347,4.20514836480747
"106","dengue_sj",1,2,"geom",213,44.1892497973032,976.481964548984,22,59,5,124,24,4.08224633362487,0.282784744018084,0.299654272487919,4.08224633362487
"107","dengue_sj",1,3,"geom",213,53.1123026570063,1557.11043506843,25,70,6,155,39,4.34544725391194,0.435453609738324,0.448419317725476,4.34544725391194
"108","dengue_sj",1,4,"geom",213,65.4027900781919,2605.69108623038,30,86,8,198,88,5.27646087193916,0.757759668315705,0.762870153803214,5.27646087193916
"109","dengue_sj",1,5,"geom",213,80.5783816937386,4493.01397850196,36,105,9,256,71,4.94144689245969,0.557113926513998,0.564258180437333,4.94144689245969
"110","dengue_sj",1,6,"geom",213,96.0989806888168,6965.8955677239,41,124,10,314,65,4.91827130506311,0.435604767508842,0.442916527238768,4.91827130506311
"111","dengue_sj",1,7,"geom",213,111.188392882193,10013.8222161065,46,143,12,376,101,5.35340174829436,0.589714157839426,0.594446184265693,5.35340174829436
"112","dengue_sj",1,8,"geom",213,129.047082734714,14732.5403186437,51,165,13,455,104,5.40691573839425,0.544509749309886,0.548995202519954,5.40691573839425
"113","dengue_sj",1,1,"geom",214,44.9894979926577,915.461300936393,23,60,6,120,24,4.11056777739716,0.262418921518305,0.278817382725281,4.11056777739716
"114","dengue_sj",1,2,"geom",214,54.687992395309,1511.84636312976,27,73,7,154,39,4.34826278759625,0.409713601627767,0.422642855570217,4.34826278759625
"115","dengue_sj",1,3,"geom",214,67.6724655896036,2625.7860437761,32,89,8,200,88,5.2239291246798,0.739904904446502,0.745291029187237,5.2239291246798
"116","dengue_sj",1,4,"geom",214,80.5468482754411,4172.93671610363,37,105,9,248,71,4.91722043662239,0.549703324364698,0.557022771830862,4.91722043662239
"117","dengue_sj",1,5,"geom",214,94.1528073007369,6005.14024916062,42,123,11,298,65,4.90273450968925,0.434702747367229,0.442128995500307,4.90273450968925
"118","dengue_sj",1,6,"geom",214,112.192913368786,9686.33427747119,48,145,12,371,101,5.33134272353178,0.580025414256902,0.584862984387105,5.33134272353178
"119","dengue_sj",1,7,"geom",214,127.123103055843,13653.3094213062,52,163,13,438,104,5.38511659716738,0.544784349207387,0.549368654981397,5.38511659716738
"120","dengue_sj",1,8,"geom",214,139.427931398352,18073.6090346562,55,178,14,491,95,5.33481999118899,0.468480708630653,0.473301486447307,5.33481999118899
"121","dengue_sj",1,1,"geom",215,46.1061251923952,958.394452557834,23,62,6,123,39,4.25354747932414,0.485194638201055,0.499408359684054,4.25354747932414
"122","dengue_sj",1,2,"geom",215,57.0308473402726,1700.93999206913,28,76,7,162,88,5.34284656634169,0.816367271403773,0.821149509761829,5.34284656634169
"123","dengue_sj",1,3,"geom",215,70.0484105060122,2902.20870967519,33,92,8,210,71,4.90547822870142,0.615572608835718,0.622978509357434,4.90547822870142
"124","dengue_sj",1,4,"geom",215,85.4073634511133,4847.75109197475,38,112,10,268,65,4.86162429163184,0.478957761022807,0.486695666086424,4.86162429163184
"125","dengue_sj",1,5,"geom",215,101.079050171538,7380.8411583019,44,131,11,326,101,5.32807043364923,0.625938151154339,0.630791577144672,5.32807043364923
"126","dengue_sj",1,6,"geom",215,110.147672543155,9179.44434176918,47,143,12,361,104,5.35840642942618,0.601455699919267,0.606164103224564,5.35840642942618
"127","dengue_sj",1,7,"geom",215,127.313673371569,16533.3798845201,51,161,13,445,95,5.29701783808791,0.509920989816305,0.514927491682371,5.29701783808791
"128","dengue_sj",1,8,"geom",215,132.732103547107,16035.0814458421,53,169,13,472,94,5.31458472623089,0.487150949568435,0.492070270764722,5.31458472623089
"129","dengue_sj",1,1,"geom",216,53.9941047315306,1297.62249459037,28,72,7,144,88,5.33822092783284,0.841264131117069,0.846068541621666,5.33822092783284
"130","dengue_sj",1,2,"geom",216,67.3505391314896,2371.67584289416,33,89,9,192,71,4.86926214098071,0.626765800873035,0.634444830112059,4.86926214098071
"131","dengue_sj",1,3,"geom",216,81.5746504048179,3913.03229335334,38,107,10,244,65,4.8289211658277,0.488464130099918,0.496459272147294,4.8289211658277
"132","dengue_sj",1,4,"geom",216,94.1103277839201,5926.50206112997,42,123,11,295,101,5.31815014086762,0.65565785159147,0.660559664598485,5.31815014086762
"133","dengue_sj",1,5,"geom",216,106.993967957568,8226.22880569346,47,139,12,345,104,5.34673512250671,0.612056510211967,0.616820188676554,5.34673512250671
"134","dengue_sj",1,6,"geom",216,117.007589258855,11432.9107823893,48,150,12,402,95,5.28399049477111,0.539770602536622,0.544842752503049,5.28399049477111
"135","dengue_sj",1,7,"geom",216,121.907471064168,11972.8866527916,51,157,13,412,94,5.27552367329239,0.510833402518894,0.515948679791563,5.27552367329239
"136","dengue_sj",1,8,"geom",216,124.438088234217,14039.360924111,49,159,12,440,76,5.14058414344222,0.419480147058205,0.425334416039704,5.14058414344222
"137","dengue_sj",1,1,"geom",217,82.6435130519892,2987.94319818511,42,110,12,219,71,4.83083114501097,0.495167415038822,0.503147301105261,4.83083114501097
"138","dengue_sj",1,2,"geom",217,98.3521107408846,5024.55063943107,48,130,13,281,65,4.89368230920254,0.378100952739376,0.385594729941632,4.89368230920254
"139","dengue_sj",1,3,"geom",217,113.673122103939,7680.89558201799,53,149,14,342,101,5.25458763851417,0.5490498262396,0.554273326057679,5.25458763851417
"140","dengue_sj",1,4,"geom",217,132.237522603531,12794.4337573673,58,171,15,429,104,5.32851816788391,0.506871499804653,0.511722753236415,5.32851816788391
"141","dengue_sj",1,5,"geom",217,137.593474673866,14660.4498922662,59,178,15,449,95,5.28801324082461,0.447920291839906,0.452972078820095,5.28801324082461
"142","dengue_sj",1,6,"geom",217,146.009870654169,18372.1976967842,60,187,16,497,94,5.31414563311931,0.429288462089869,0.434209943800505,5.31414563311931
"143","dengue_sj",1,7,"geom",217,143.64285151113,17431.5025760584,59,184,15,489,76,5.20268233103257,0.343371587817474,0.348873374814128,5.20268233103257
"144","dengue_sj",1,8,"geom",217,138.736798651337,16823.0103557145,55,178,14,489,98,5.35659317625713,0.483077887577833,0.487794836155374,5.35659317625713
"145","dengue_sj",1,1,"geom",218,92.994957862498,3748.68066014692,48,124,13,245,65,4.84708147871151,0.382572012212786,0.390423270421148,4.84708147871151
"146","dengue_sj",1,2,"geom",218,109.855745096726,6267.19304202882,54,145,15,313,101,5.20820345774568,0.553589810934587,0.559061305569018,5.20820345774568
"147","dengue_sj",1,3,"geom",218,121.389599874471,8909.90553450672,56,159,15,366,104,5.28185578962273,0.530877685870167,0.535960674946277,5.28185578962273
"148","dengue_sj",1,4,"geom",218,130.597000355275,11113.9917969173,59,171,16,408,95,5.24933390394722,0.457009910069965,0.462260924984817,5.24933390394722
"149","dengue_sj",1,5,"geom",218,141.115705735221,14639.8149305845,61,183,16,462,94,5.29378344930046,0.431050475057706,0.436073196112714,5.29378344930046
"150","dengue_sj",1,6,"geom",218,140.425558412257,18755.7894484147,57,177,15,492,76,5.17353246123848,0.359390115102838,0.365054638828149,5.17353246123848
"151","dengue_sj",1,7,"geom",218,132.392698319824,15564.6043165822,54,169,14,461,98,5.3263004435562,0.500989152936128,0.505851177049432,5.32630044355619
"152","dengue_sj",1,8,"geom",218,123.78304377689,14929.1705353374,49,157,12,438,94,5.29774070263524,0.519947342052712,0.524950226203789,5.29774070263524
"153","dengue_sj",1,1,"geom",219,95.1131656680404,3899.97238136634,49,127,14,250,101,5.15178322616143,0.618556055810822,0.624345128102706,5.15178322616143
"154","dengue_sj",1,2,"geom",219,108.090957870041,6074.4952470907,53,143,15,308,104,5.23579179204936,0.57902631394755,0.584348922363441,5.23579179204936
"155","dengue_sj",1,3,"geom",219,118.255486445095,8327.55793746735,55,155,15,355,95,5.20118318159423,0.495566963591054,0.501077004774177,5.20118318159423
"156","dengue_sj",1,4,"geom",219,122.217847857642,10063.8361950288,55,159,15,385,94,5.22434198826011,0.487403221465993,0.49278712293097,5.22434198826011
"157","dengue_sj",1,5,"geom",219,123.09252219386,10643.2798561561,54,160,14,399,76,5.10687049338554,0.389548103643085,0.395603106117108,5.10687049338554
"158","dengue_sj",1,6,"geom",219,117.663348657022,10312.4257435898,51,152,13,388,98,5.28489369320343,0.540551816104564,0.545619386981317,5.28489369320343
"159","dengue_sj",1,7,"geom",219,111.746395037142,10106.1617591591,47,144,12,379,94,5.26607419154972,0.55349910850734,0.558662951598733,5.26607419154972
"160","dengue_sj",1,8,"geom",219,101.434691286912,8524.78931873879,42,130,11,345,55,4.8610148648405,0.348273896107918,0.356016518295415,4.8610148648405
"161","dengue_sj",1,1,"geom",220,110.46852608134,5210.1607072889,57,147,16,290,104,5.17726716087368,0.547627957923344,0.553271365809167,5.17726716087368
"162","dengue_sj",1,2,"geom",220,121.213103962261,7529.86434230559,60,160,17,344,95,5.17530057250257,0.464920532520143,0.4705750495863,5.17530057250257
"163","dengue_sj",1,3,"geom",220,125.045605632428,8985.60618528623,59,164,16,372,94,5.19921726755221,0.457037047674898,0.462557931779989,5.19921726755221
"164","dengue_sj",1,4,"geom",220,127.796136234045,10457.7866862438,58,167,16,395,76,5.1176357533479,0.356101212637103,0.362091381039376,5.1176357533479
"165","dengue_sj",1,5,"geom",220,122.439469107181,10440.9095438148,54,159,14,392,98,5.27222629218899,0.512933168284781,0.518065340415152,5.27222629218899
"166","dengue_sj",1,6,"geom",220,111.317487642133,8844.82339426538,49,144,13,359,94,5.23077210481049,0.541741571297454,0.547090964712805,5.23077210481049
"167","dengue_sj",1,7,"geom",220,101.697286923996,7972.94633595601,43,131,11,337,55,4.86067580634667,0.339121614115253,0.346866861949666,4.86067580634667
"168","dengue_sj",1,8,"geom",220,89.8477241427787,6398.86586900201,38,116,10,301,71,4.98235832986231,0.519276959132483,0.526134829483761,4.98235832986231
"169","dengue_sj",1,1,"geom",221,117.657675687508,5865.48053012903,61,157,18,308,95,5.13053787829521,0.458351375155028,0.464264754094965,5.13053787829521
"170","dengue_sj",1,2,"geom",221,123.624609430726,7728.63834375296,61,163,17,350,94,5.17317946752188,0.447462016833047,0.453128540452595,5.17317946752188
"171","dengue_sj",1,3,"geom",221,126.043469012317,9566.10920402316,59,164,16,378,76,5.10022739324863,0.350206641312086,0.356302001676207,5.10022739324863
"172","dengue_sj",1,4,"geom",221,119.746794694477,9216.27455204448,55,156,15,369,98,5.2400319162748,0.513200144499068,0.518500232173185,5.2400319162748
"173","dengue_sj",1,5,"geom",221,113.062024137259,8538.06451733962,51,147,14,354,94,5.21070810468342,0.526157210352003,0.531615017971878,5.21070810468342
"174","dengue_sj",1,6,"geom",221,99.2625240638153,6979.04180850662,44,129,12,320,55,4.8438877247954,0.338108289415164,0.345984662694505,4.8438877247954
"175","dengue_sj",1,7,"geom",221,88.3894279411911,5975.28862214081,38,114,10,284,71,4.95366748978595,0.517163943181197,0.524221421359798,4.95366748978595
"176","dengue_sj",1,8,"geom",221,76.0739447030853,4350.15162366514,33,98,8,249,87,5.24348241704106,0.693138175757494,0.698420006990076,5.24348241704106
"177","dengue_sj",1,1,"geom",222,114.229268859503,5499.94635997694,60,152,17,298,94,5.10894813766938,0.46844183694297,0.474484272335197,5.10894813766938
"178","dengue_sj",1,2,"geom",222,114.228900376831,6339.23287335732,57,151,16,318,76,5.03215529843051,0.373025305787698,0.379550038446587,5.03215529843051
"179","dengue_sj",1,3,"geom",222,111.637089141647,6968.27430103262,53,147,15,328,98,5.19663253086545,0.536382420168832,0.54191759276365,5.19663253086545
"180","dengue_sj",1,4,"geom",222,105.107825689539,6681.60223798023,49,138,13,318,94,5.1771430202034,0.55427416103213,0.559918269537878,5.1771430202034
"181","dengue_sj",1,5,"geom",222,94.5357139204679,5734.91175399829,43,123,12,292,55,4.80823890702052,0.344715864779878,0.352878086258573,4.80823890702053
"182","dengue_sj",1,6,"geom",222,85.9226335587496,5133.23491187629,38,111,10,275,71,4.93588695200043,0.52654814712633,0.53373223330598,4.93588695200043
"183","dengue_sj",1,7,"geom",222,72.322831295118,3850.55248393458,32,93,8,234,87,5.25703065020479,0.715980857368797,0.721191611690791,5.25703065020479
"184","dengue_sj",1,8,"geom",222,63.8488048341361,2869.45387776413,28,83,7,205,66,4.90395672728039,0.640123764296268,0.647540941482707,4.90395672728039
"185","dengue_sj",1,1,"geom",223,107.530993853177,4851.76913846408,56,143,16,280,76,4.9819548788592,0.384317642975055,0.391178280699218,4.9819548788592
"186","dengue_sj",1,2,"geom",223,103.582159733501,5145.40749006897,52,137,15,287,98,5.14819338208891,0.56248420174376,0.568294093249004,5.14819338208891
"187","dengue_sj",1,3,"geom",223,98.6231556121135,5159.42864402653,48,130,13,283,94,5.13906946475417,0.57588039005643,0.581743533093364,5.13906946475417
"188","dengue_sj",1,4,"geom",223,89.6665919782509,4699.85019148016,42,118,12,268,55,4.77013743873902,0.356476873284039,0.364956087991328,4.77013743873902
"189","dengue_sj",1,5,"geom",223,78.5082806851737,3724.02595477629,36,103,10,238,71,4.89986138742302,0.559015560524,0.566463175856534,4.89986138742302
"190","dengue_sj",1,6,"geom",223,70.2050862040596,3142.40837343211,32,92,9,216,87,5.22289707799765,0.723423978895535,0.728815665237861,5.22289707799765
"191","dengue_sj",1,7,"geom",223,60.722492647017,2338.99317538891,28,79,7,188,66,4.88086487130048,0.657775849179742,0.665366295608391,4.88086487130048
"192","dengue_sj",1,8,"geom",223,51.8082035570689,1789.37873679021,23,68,6,163,60,4.83201179189062,0.691082435694892,0.699052905893248,4.83201179189062
"193","dengue_sj",1,1,"geom",224,92.9875025651834,3623.42876052989,49,124,14,242,98,5.1055857118805,0.613208710547785,0.619271497376525,5.1055857118805
"194","dengue_sj",1,2,"geom",224,86.8243237917098,3580.72555666631,44,115,12,238,94,5.11407651520397,0.637991916000607,0.644003442826056,5.11407651520397
"195","dengue_sj",1,3,"geom",224,79.2087763997298,3275.52431666861,39,104,11,226,55,4.68504683446558,0.401189391695707,0.410421693907873,4.68504683446558
"196","dengue_sj",1,4,"geom",224,71.3772991115329,2867.04694637126,34,94,9,210,71,4.87939859503433,0.602936302609953,0.610537886893641,4.87939859503433
"197","dengue_sj",1,5,"geom",224,63.0962920332229,2324.71413174459,30,83,8,188,87,5.27022836300707,0.769581475251449,0.77472391134821,5.27022836300707
"198","dengue_sj",1,6,"geom",224,55.0589221112638,1812.11857159513,26,72,7,166,66,4.89909557653634,0.702955147718676,0.710408468700557,4.89909557653634
"199","dengue_sj",1,7,"geom",224,48.4702219613662,1450.03212744313,22,64,6,146,60,4.82884527790389,0.718800835931077,0.726796584736206,4.82884527790389
"200","dengue_sj",1,8,"geom",224,43.6554042217914,1200.0734177097,20,57,5,134,57,4.83070767821388,0.743996923578901,0.751977794957139,4.83070767821388
"201","dengue_sj",1,1,"geom",225,89.0259114246753,3304.58962088502,47,118,14,232,94,5.06139255723249,0.61400040110914,0.620337130217104,5.06139255723249
"202","dengue_sj",1,2,"geom",225,83.0634672258681,3242.11306823902,42,110,12,228,55,4.70981956009235,0.364563351958341,0.373569754508614,4.70981956009235
"203","dengue_sj",1,3,"geom",225,72.8284503207329,2741.82989686985,36,96,10,207,71,4.84554807922788,0.584734833313975,0.592598139872726,4.84554807922788
"204","dengue_sj",1,4,"geom",225,62.7071490641869,2110.31623990037,30,83,8,181,87,5.24012511030763,0.771248230238741,0.776547823999328,5.24012511030763
"205","dengue_sj",1,5,"geom",225,55.4679875196676,1761.90669411811,26,73,7,164,66,4.87511697425042,0.697473379547671,0.705107580709341,4.87511697425042
"206","dengue_sj",1,6,"geom",225,49.1052177321637,1394.1574056568,23,65,6,146,60,4.80325233389719,0.710304319087658,0.718507343730035,4.80325233389719
"207","dengue_sj",1,7,"geom",225,44.1420632103478,1178.44833275172,20,58,5,133,57,4.80679675807043,0.737760742351738,0.745934743461519,4.80679675807043
"208","dengue_sj",1,8,"geom",225,39.5507349867044,1006.49573961718,18,52,4,121,68,5.31291496227015,0.855500917627878,0.860428459791036,5.31291496227015
"209","dengue_sj",1,1,"geom",226,82.9249200929403,2855.29757284182,44,110,13,215,55,4.7046640906242,0.349090172395491,0.35814312707506,4.7046640906242
"210","dengue_sj",1,2,"geom",226,74.1401828450392,2525.58437266126,38,98,11,201,71,4.81032745200825,0.564007491903033,0.572152684004471,4.81032745200825
"211","dengue_sj",1,3,"geom",226,65.2448208288287,2100.29531898102,32,86,9,182,87,5.16579296457992,0.751107492308349,0.75681602668657,5.16579296457992
"212","dengue_sj",1,4,"geom",226,56.9087127032764,1749.97494539487,28,75,7,164,66,4.83509435872169,0.681793743643165,0.689739682164153,4.83509435872169
"213","dengue_sj",1,5,"geom",226,49.5532986565849,1326.66236029136,24,65,6,143,60,4.76623746688366,0.703022884575172,0.711535232548582,4.76623746688366
"214","dengue_sj",1,6,"geom",226,44.1146667497086,1103.18659747637,21,58,5,130,57,4.77625700602985,0.736590109911311,0.745017593939749,4.77625700602985
"215","dengue_sj",1,7,"geom",226,39.9412002686552,958.228600990555,19,52,5,120,68,5.2799884642817,0.853227507303168,0.858319996841053,5.2799884642817
"216","dengue_sj",1,8,"geom",226,35.752714095392,794.095310910107,16,47,4,109,41,4.40916085276022,0.679443270710157,0.691608653305258,4.40916085276022
"217","dengue_sj",1,1,"geom",227,66.5117622593675,1842.70453148405,35,89,10,173,71,4.78115450592404,0.619083203623687,0.627469514953925,4.78115450592404
"218","dengue_sj",1,2,"geom",227,59.2767737064556,1600.94373533104,30,79,8,160,87,5.21877953345317,0.797010573343016,0.802424505962615,5.21877953345317
"219","dengue_sj",1,3,"geom",227,51.1609396509843,1266.23362743147,26,68,7,141,66,4.85146378168509,0.732357004234256,0.740173931130473,4.85146378168509
"220","dengue_sj",1,4,"geom",227,45.5805264267238,1074.2404491459,22,60,6,129,60,4.79927969379455,0.743549903435214,0.751785580557581,4.79927969379455
"221","dengue_sj",1,5,"geom",227,40.7629434924077,907.182199566566,20,54,5,118,57,4.82644926700478,0.773169085763779,0.781184015439802,4.82644926700478
"222","dengue_sj",1,6,"geom",227,37.3928972694089,785.332191959835,18,49,4,110,68,5.35579304882504,0.876089205820648,0.880809930068449,5.35579304882504
"223","dengue_sj",1,7,"geom",227,33.5360331199298,643.944363128669,16,44,4,99,41,4.41176608672821,0.70686801927567,0.719001749451682,4.41176608672821
"224","dengue_sj",1,8,"geom",227,32.3220760256382,640.681253667856,15,43,4,98,48,4.76543174825182,0.79792327110067,0.806442480395218,4.76543174825182
"225","dengue_sj",1,1,"geom",228,59.9807491830824,1495.52701104489,32,80,9,156,87,5.16265720089114,0.791554919726008,0.797281382814456,5.16265720089114
"226","dengue_sj",1,2,"geom",228,52.4964381527253,1234.97756827236,27,70,7,141,66,4.8023333174057,0.716207833247333,0.724418400069799,4.8023333174057
"227","dengue_sj",1,3,"geom",228,46.6747468856001,1045.9100380621,23,62,6,129,60,4.75233371877741,0.729476463706337,0.738107991827208,4.75233371877741
"228","dengue_sj",1,4,"geom",228,41.9493874695302,897.490214851745,21,56,5,119,57,4.77252512869556,0.758110695756732,0.766569688879269,4.77252512869556
"229","dengue_sj",1,5,"geom",228,37.5447457839647,733.190019623833,18,50,5,107,68,5.32301014330515,0.877098301414035,0.88197634939371,5.32301014330515
"230","dengue_sj",1,6,"geom",228,33.500192274355,639.271894291887,16,44,4,98,41,4.40509115421607,0.707736639102993,0.719951632018984,4.40509115421607
"231","dengue_sj",1,7,"geom",228,31.1669762130963,567.825898651769,15,41,4,93,48,4.78171624599973,0.813359037482693,0.821740639208681,4.78171624599973
"232","dengue_sj",1,8,"geom",228,30.6745965532303,583.888881933438,14,40,3,94,29,4.01798383318966,0.576859369275951,0.594848566900807,4.01798383318966
"233","dengue_sj",1,1,"geom",229,59.3377458520307,1458.28236971423,31,79,9,154,66,4.7129732533962,0.642943180095192,0.65192122395486,4.7129732533962
"234","dengue_sj",1,2,"geom",229,52.0333112056857,1210.14853679133,27,69,7,140,60,4.66134688579434,0.667683826245475,0.677137546986161,4.66134688579434
"235","dengue_sj",1,3,"geom",229,46.0572577150137,1015.86004473999,23,61,6,127,57,4.67347539241743,0.709499279082495,0.718839032830327,4.67347539241743
"236","dengue_sj",1,4,"geom",229,41.5320921532615,883.580326495053,20,55,5,117,68,5.16071303662553,0.842455143269488,0.848192750372227,5.16071303662553
"237","dengue_sj",1,5,"geom",229,37.1884378535377,721.383666503017,18,49,5,106,41,4.32780086965012,0.648553990857481,0.66175052736451,4.32780086965012
"238","dengue_sj",1,6,"geom",229,34.9746976670162,689.123591871209,17,46,4,103,48,4.64890298307238,0.763743920101221,0.773316017026479,4.64890298307238
"239","dengue_sj",1,7,"geom",229,32.0564834921123,600.964376756079,15,42,4,95,29,3.9937528222694,0.547079855301235,0.565510273391099,3.9937528222694
"240","dengue_sj",1,8,"geom",229,30.4685724924777,573.271031295226,14,40,3,93,26,3.90387321145892,0.520874518728278,0.541038180607103,3.90387321145892
"241","dengue_sj",1,1,"geom",230,53.7137944510994,1193.12719923031,28,72,8,139,60,4.61761429224773,0.64483858938353,0.654714919398067,4.61761429224773
"242","dengue_sj",1,2,"geom",230,47.4610623337846,999.866825174486,24,63,7,127,57,4.624392056009,0.689973687150659,0.699783304071712,4.624392056009
"243","dengue_sj",1,3,"geom",230,42.6889944728067,860.640231624857,22,57,6,117,68,5.09001377780804,0.831833809160994,0.837991744204731,5.09001377780804
"244","dengue_sj",1,4,"geom",230,38.2713693894249,741.609632843771,19,51,5,108,41,4.30578173444118,0.631022959937637,0.644513295496404,4.30578173444118
"245","dengue_sj",1,5,"geom",230,35.9013359868979,685.496396823298,17,47,4,103,48,4.60310373539354,0.750289255635682,0.760309941507432,4.60310373539354
"246","dengue_sj",1,6,"geom",230,32.4717444631362,567.019666108041,16,43,4,94,29,3.97838638564462,0.532860267215413,0.551576082308489,3.97838638564462
"247","dengue_sj",1,7,"geom",230,30.269050356873,538.061590800465,14,40,3,90,26,3.89474593132495,0.519415776925711,0.539764320645711,3.89474593132495
"248","dengue_sj",1,8,"geom",230,29.4941032176175,546.224860899984,13,39,3,90,24,3.8438527207184,0.497702786257823,0.519113738074706,3.8438527207184
"249","dengue_sj",1,1,"geom",231,49.0495624634614,993.490524633993,26,65,7,127,57,4.57774235465204,0.667777749578432,0.678055823947843,4.57774235465204
"250","dengue_sj",1,2,"geom",231,43.557791302304,839.942896086507,22,58,6,116,68,5.03454397272017,0.82447283805801,0.830982003855232,5.03454397272017
"251","dengue_sj",1,3,"geom",231,39.53887978129,745.311977760603,20,52,5,109,41,4.27792533768153,0.608602565799798,0.622473976547266,4.27792533768153
"252","dengue_sj",1,4,"geom",231,36.2846363043461,659.653003901413,18,48,5,102,48,4.56962287311532,0.74377189229843,0.754133759017795,4.56962287311532
"253","dengue_sj",1,5,"geom",231,33.8399627299906,605.25775211448,16,45,4,97,29,3.97671861654091,0.50876187770831,0.527508932502613,3.97671861654091
"254","dengue_sj",1,6,"geom",231,31.6216127981527,569.69044897024,15,42,4,93,26,3.89221113004809,0.4931177217258,0.513517910387584,3.89221113004809
"255","dengue_sj",1,7,"geom",231,31.2716965138643,590.018057082119,14,41,4,94,24,3.84836139790655,0.464043311144903,0.485357945187792,3.84836139790655
"256","dengue_sj",1,8,"geom",231,30.1041193902251,577.68786233281,14,40,3,93,37,4.36570665649823,0.713011322856183,0.725716996311599,4.36570665649823
"257","dengue_sj",1,1,"geom",232,45.4838640027494,852.886944104626,24,61,7,118,68,4.94563531755107,0.805973282942184,0.813087676271212,4.94563531755107
"258","dengue_sj",1,2,"geom",232,40.9067616886505,743.861288537281,21,54,6,110,41,4.24983760711623,0.583395758076565,0.597662308583738,4.24983760711623
"259","dengue_sj",1,3,"geom",232,37.4982282240496,663.803558785633,19,50,5,103,48,4.51614086850749,0.725721661233158,0.736652788264829,4.51614086850749
"260","dengue_sj",1,4,"geom",232,35.2465122084668,627.273631829501,17,47,5,99,29,3.96945351501494,0.480977900167067,0.499861650168793,3.96945351501494
"261","dengue_sj",1,5,"geom",232,33.2286575370501,615.17214142593,16,44,4,97,26,3.89875311812152,0.464964620422733,0.485231786882843,3.89875311812152
"262","dengue_sj",1,6,"geom",232,31.827767709096,593.958931302348,15,42,4,95,24,3.84158946968829,0.450149659443504,0.471609124497251,3.84158946968829
"263","dengue_sj",1,7,"geom",232,30.1192274037061,544.027889067465,14,40,3,90,37,4.3329511667256,0.710443474251163,0.723572219397487,4.3329511667256
"264","dengue_sj",1,8,"geom",232,30.3187633484445,604.694624766821,14,40,3,94,18,3.6983492685711,0.349233871273886,0.373998243349691,3.6983492685711
"265","dengue_sj",1,1,"geom",233,46.3393719674807,881.316770253712,25,62,7,120,41,4.24050153660951,0.502499795338382,0.516900163058463,4.24050153660951
"266","dengue_sj",1,2,"geom",233,42.6891507738079,806.197762451741,22,57,6,114,48,4.42324307109111,0.65152875466693,0.66352402229755,4.42324307109111
"267","dengue_sj",1,3,"geom",233,39.454000370327,746.963064577812,20,52,5,109,29,4.00757273262186,0.414955532283491,0.433132995579851,4.00757273262186
"268","dengue_sj",1,4,"geom",233,36.8734530617184,702.665542714754,18,49,5,105,26,3.93158813393994,0.402284523350446,0.421897023879651,3.93158813393994
"269","dengue_sj",1,5,"geom",233,35.6583893946423,719.934370722951,17,47,4,105,24,3.88781935187977,0.389946518867171,0.410436497656991,3.88781935187977
"270","dengue_sj",1,6,"geom",233,34.6650802458584,694.897784871596,16,46,4,104,37,4.2659065884041,0.637966841153999,0.652005974800134,4.2659065884041
"271","dengue_sj",1,7,"geom",233,33.7701420366902,725.316652337048,15,44,4,105,18,3.77411557489703,0.301112785064072,0.324070170818185,3.77411557489703
"272","dengue_sj",1,8,"geom",233,32.302524805864,710.124006786315,14,42,3,102,36,4.31169614816447,0.669710750055598,0.68312153367205,4.31169614816447
"273","dengue_sj",1,1,"geom",234,41.2576304850576,699.326521022563,22,55,6,107,48,4.40278163310347,0.667135050878051,0.679378287179866,4.40278163310347
"274","dengue_sj",1,2,"geom",234,38.2961783562189,654.131934020151,20,51,5,103,29,3.98053894546273,0.421439772376014,0.440115343886456,3.98053894546273
"275","dengue_sj",1,3,"geom",234,36.0709697321752,630.699646505914,18,48,5,100,26,3.91144444001665,0.404933589275405,0.42494516393166,3.91144444001665
"276","dengue_sj",1,4,"geom",234,34.1120577358821,598.88851795476,17,45,4,97,24,3.85543984273108,0.399674439744529,0.420838732046979,3.85543984273108
"277","dengue_sj",1,5,"geom",234,33.4100281473452,621.502282762318,16,44,4,98,37,4.25284773827371,0.654380291056853,0.668603961944851,4.25284773827371
"278","dengue_sj",1,6,"geom",234,32.1374657327624,638.919880791303,15,42,4,98,18,3.73389810270549,0.31539789425332,0.339297385603139,3.73389810270549
"279","dengue_sj",1,7,"geom",234,31.2253364972186,643.317860539725,14,41,3,97,36,4.31245201274289,0.684119498149675,0.697520148859858,4.31245201274289
"280","dengue_sj",1,8,"geom",234,30.9962905919469,691.408440360416,13,40,3,100,37,4.40336966933843,0.704755836887658,0.716991875839253,4.40336966933843
"281","dengue_sj",1,1,"geom",235,40.0840012803738,657.723444071709,21,53,6,103,29,3.99765517291729,0.386264693538807,0.404623329824675,3.99765517291729
"282","dengue_sj",1,2,"geom",235,37.6046232010158,625.00973779727,19,50,5,101,26,3.93001164658502,0.372291112497022,0.391934556269717,3.93001164658502
"283","dengue_sj",1,3,"geom",235,35.8521132202473,630.212240185102,18,47,5,100,24,3.87858995061883,0.368581745110384,0.389261709514408,3.87858995061883
"284","dengue_sj",1,4,"geom",235,34.9740882962551,662.47129463348,17,46,4,102,37,4.22510806341583,0.629372146102956,0.643995900434316,4.22510806341583
"285","dengue_sj",1,5,"geom",235,34.0582384305811,683.092860465048,16,45,4,102,18,3.77941854773083,0.282500005203509,0.305335970793092,3.77941854773082
"286","dengue_sj",1,6,"geom",235,32.2245252758176,625.42694901036,15,42,4,98,36,4.26666853147685,0.66380555586969,0.677833996569422,4.26666853147685
"287","dengue_sj",1,7,"geom",235,32.5104470866041,685.95448406476,15,43,4,101,37,4.33823800284731,0.677516450873297,0.690575969651025,4.33823800284731
"288","dengue_sj",1,8,"geom",235,30.6429278372019,657.891515716882,13,40,3,98,47,4.83963424431101,0.811979313095976,0.819889259726528,4.83963424431101
"289","dengue_sj",1,1,"geom",236,34.6571857531969,494.276989498822,18,46,5,90,26,3.86738243932139,0.404872017225272,0.425785056217353,3.86738243932139
"290","dengue_sj",1,2,"geom",236,33.2545414698053,492.557936215479,17,44,5,89,24,3.82382664087525,0.394144813443491,0.41598886486033,3.82382664087525
"291","dengue_sj",1,3,"geom",236,32.2409399459404,509.843821768601,16,43,4,90,37,4.21187854087294,0.666573410809754,0.681391915817499,4.21187854087294
"292","dengue_sj",1,4,"geom",236,31.2516928131406,530.340685043777,15,41,4,91,18,3.71329168890466,0.310304732229307,0.334701815573433,3.71329168890466
"293","dengue_sj",1,5,"geom",236,30.2271419519596,513.248280557666,14,40,4,89,36,4.26452859770353,0.692512688962678,0.70657118173971,4.26452859770353
"294","dengue_sj",1,6,"geom",236,29.4415291916101,564.252613120187,13,39,3,91,37,4.38170599210185,0.725448362158942,0.737952370833734,4.38170599210185
"295","dengue_sj",1,7,"geom",236,28.5477659315167,551.472980539433,13,37,3,90,47,4.91017848516276,0.837382043649318,0.844753216218331,4.91017848516276
"296","dengue_sj",1,8,"geom",236,28.4525368047042,590.668852094662,12,37,3,93,16,3.62109307126847,0.339204003209408,0.365957420322086,3.62109307126847
"297","dengue_sj",1,1,"geom",237,30.709532217091,389.877643592672,16,41,4,79,24,3.76550163362324,0.426460929453438,0.449616922949895,3.76550163362324
"298","dengue_sj",1,2,"geom",237,29.9172430230547,407.696075623054,15,40,4,81,37,4.2170586810418,0.703884152871647,0.718626094422287,4.2170586810418
"299","dengue_sj",1,3,"geom",237,28.7709779362897,416.690643293898,14,38,4,81,18,3.64760479202692,0.335800827687855,0.361854285240881,3.64760479202692
"300","dengue_sj",1,4,"geom",237,28.1534658439013,425.932394609959,14,37,3,81,36,4.29124292089494,0.726045640316184,0.739733542057192,4.29124292089494
"301","dengue_sj",1,5,"geom",237,27.1212427134887,439.724150145543,13,36,3,81,37,4.41231743896065,0.759904719648287,0.772031761709002,4.41231743896065
"302","dengue_sj",1,6,"geom",237,26.3956382436815,449.212724296613,12,35,3,82,47,5.00288530451474,0.865111763624171,0.87183029761405,5.00288530451474
"303","dengue_sj",1,7,"geom",237,25.6244023977813,447.185834367532,11,33,3,80,16,3.54979685078807,0.372668566224183,0.401399041859099,3.54979685078807
"304","dengue_sj",1,8,"geom",237,24.4885313431885,446.149023735733,11,32,2,79,15,3.49401318871781,0.370412262132854,0.400790973838448,3.49401318871781
"305","dengue_sj",1,1,"geom",238,27.7412558304401,319.388673239082,15,37,4,72,37,4.22183577258959,0.742278967281127,0.756950653169858,4.22183577258959
"306","dengue_sj",1,2,"geom",238,27.032149917941,335.097470294525,14,36,4,73,18,3.59955780260903,0.353664944178334,0.381000751776218,3.59955780260903
"307","dengue_sj",1,3,"geom",238,26.0343069971061,335.950105070367,13,35,3,73,36,4.31262869767197,0.762764998127196,0.776163281353514,4.31262869767197
"308","dengue_sj",1,4,"geom",238,25.5462182434156,367.146686345343,12,34,3,75,37,4.43863268246172,0.786824927827151,0.79863700617214,4.43863268246172
"309","dengue_sj",1,5,"geom",238,25.0257406129713,376.76017604158,12,33,3,75,47,5.06190028815626,0.882857408363101,0.889190920934378,5.06190028815626
"310","dengue_sj",1,6,"geom",238,24.2195372226995,393.307935443377,11,32,3,75,16,3.51042433454376,0.39285750188324,0.422741732717855,3.51042433454376
"311","dengue_sj",1,7,"geom",238,22.5400278726149,340.963543393881,10,30,2,71,15,3.4556296959796,0.399852688015634,0.431420108234303,3.4556296959796
"312","dengue_sj",1,8,"geom",238,21.4123289420682,314.569632044334,9,28,2,68,19,3.61972697783828,0.547778651222137,0.574568640977304,3.61972697783828
"313","dengue_sj",1,1,"geom",239,29.9029510915257,367.191561195044,16,40,4,77,18,3.68486969974539,0.292174924434659,0.31727536953939,3.68486969974539
"314","dengue_sj",1,2,"geom",239,28.9710151680792,385.897723190338,15,38,4,79,36,4.19655316299274,0.706841216852274,0.721888570163181,4.19655316299274
"315","dengue_sj",1,3,"geom",239,28.2335052833176,402.480685597897,14,37,4,79,37,4.3025702617085,0.738079740482156,0.751613469526928,4.3025702617085
"316","dengue_sj",1,4,"geom",239,27.2381043350092,411.101252000525,13,36,3,80,47,4.9025231323721,0.85837867149701,0.865806489536411,4.9025231323721
"317","dengue_sj",1,5,"geom",239,26.6887413247945,423.65398727833,12,35,3,80,16,3.57085489667255,0.338002606410611,0.366134400031185,3.57085489667255
"318","dengue_sj",1,6,"geom",239,24.7159547389217,395.065858255563,11,32,3,76,15,3.4955599908552,0.351016975394418,0.381348733567089,3.4955599908552
"319","dengue_sj",1,7,"geom",239,22.8139099332748,333.351592382761,10,30,2,70,19,3.60753625178897,0.508836717672104,0.535955295648348,3.60753625178897
"320","dengue_sj",1,8,"geom",239,20.6861041374541,303.807339152419,9,27,2,66,23,3.85567671448837,0.666008736971348,0.687168016644386,3.85567671448837
"321","dengue_sj",1,1,"geom",240,25.3600858979622,267.281317117852,13,34,4,66,36,4.24878045992883,0.775177296892133,0.789458937217723,4.24878045992883
"322","dengue_sj",1,2,"geom",240,24.8500936109544,286.406236668791,13,33,3,67,37,4.3810251625519,0.79891000226761,0.811422526939643,4.3810251625519
"323","dengue_sj",1,3,"geom",240,24.0618493841728,291.224902270847,12,32,3,68,47,5.08319840751728,0.901406048262751,0.907606095255295,5.08319840751728
"324","dengue_sj",1,4,"geom",240,23.080691003606,284.896383230223,11,31,3,67,16,3.47299902845228,0.39200396947982,0.423027819076749,3.47299902845228
"325","dengue_sj",1,5,"geom",240,21.6698097601095,278.03112514842,10,29,2,65,15,3.42034657426616,0.40284120968526,0.435542309300525,3.42034657426616
"326","dengue_sj",1,6,"geom",240,20.4057876824447,257.116120870824,9,27,2,61,19,3.57989329094756,0.560218199389251,0.588096872392559,3.57989329094756
"327","dengue_sj",1,7,"geom",240,18.5951963903162,217.706787416654,8,25,2,57,23,3.88723408302057,0.709163426524991,0.729665400971322,3.88723408302057
"328","dengue_sj",1,8,"geom",240,16.6330442652722,177.544325547084,7,22,2,51,28,4.38906861011698,0.841757183962243,0.854169468476831,4.38906861011698
"329","dengue_sj",1,1,"geom",241,28.2102829618224,326.36441156792,15,38,4,73,37,4.20412992643355,0.733462816480399,0.748396590380381,4.20412992643355
"330","dengue_sj",1,2,"geom",241,27.4156668765221,344.33587752182,14,36,4,74,47,4.81639971224729,0.861586393899518,0.869682276137495,4.81639971224729
"331","dengue_sj",1,3,"geom",241,26.4632824332808,350.956668906249,13,35,3,74,16,3.55803116081286,0.318364067971604,0.346858939313616,3.55803116081286
"332","dengue_sj",1,4,"geom",241,24.8413403263694,329.249659526165,12,33,3,71,15,3.50035279842484,0.326201408532073,0.356388140244149,3.50035279842484
"333","dengue_sj",1,5,"geom",241,22.479170072603,293.227064694134,11,30,2,67,19,3.57852722873324,0.505591734090638,0.533508517120128,3.57852722873324
"334","dengue_sj",1,6,"geom",241,20.3090047367691,250.087849234508,9,27,2,61,23,3.81503426335224,0.664746120646032,0.686783080026639,3.81503426335224
"335","dengue_sj",1,7,"geom",241,18.2252988936675,204.036669660069,8,24,2,55,28,4.25529683871569,0.807288757733271,0.821477636045258,4.25529683871569
"336","dengue_sj",1,8,"geom",241,15.9038145500571,157.617417335473,7,21,1,48,28,4.43056034648078,0.858392645772869,0.870300461073455,4.43056034648078
"337","dengue_sj",1,1,"geom",242,30.1175218057066,368.351927004891,16,40,4,77,47,4.62210870162391,0.825461842400326,0.835293883744902,4.62210870162391
"338","dengue_sj",1,2,"geom",242,28.920540074872,380.200457461121,15,38,4,78,16,3.64289134683517,0.267795468988893,0.293972017950565,3.64289134683517
"339","dengue_sj",1,3,"geom",242,26.8070385952221,357.366024881754,13,35,3,75,15,3.56214168334637,0.283094006689805,0.31147198962188,3.56214168334637
"340","dengue_sj",1,4,"geom",242,24.9177317392867,330.816025800184,12,33,3,72,19,3.58881921693928,0.441834446873738,0.469465384185097,3.58881921693928
"341","dengue_sj",1,5,"geom",242,22.1822446375133,275.372103926933,11,29,3,65,23,3.75965329754492,0.613827617939794,0.637119432244188,3.75965329754492
"342","dengue_sj",1,6,"geom",242,19.914158811619,239.778106738894,9,26,2,60,28,4.15138165434,0.771996839148597,0.787739489698959,4.15138165434
"343","dengue_sj",1,7,"geom",242,16.9743123128466,178.393273164442,8,22,2,51,28,4.34405242953214,0.836933583925758,0.849917389416998,4.34405242953214
"344","dengue_sj",1,8,"geom",242,14.5875449568593,122.793315860225,7,19,1,43,22,3.95461675996238,0.796837306890235,0.816003319215859,3.95461675996238
"345","dengue_sj",1,1,"geom",243,34.5837626379578,479.291379612477,18,46,5,88,16,3.87503390592821,0.186913535101686,0.207667169292225,3.87503390592821
"346","dengue_sj",1,2,"geom",243,32.2307059418557,473.739105290662,17,43,5,87,15,3.77244321199521,0.202559115546833,0.225554926502688,3.77244321199521
"347","dengue_sj",1,3,"geom",243,29.3846554242443,432.679545784216,15,39,4,82,19,3.66947284611735,0.350856939847704,0.376346843354899,3.66947284611735
"348","dengue_sj",1,4,"geom",243,26.097383355297,363.114312469323,13,34,3,75,23,3.73500288682001,0.521975251839892,0.54584835399119,3.73500288682001
"349","dengue_sj",1,5,"geom",243,22.111918058316,267.352860853792,11,29,3,64,28,4.03426636208444,0.71943529194089,0.737133951700161,4.03426636208444
"350","dengue_sj",1,6,"geom",243,19.9132276855923,236.812320091187,9,26,2,60,28,4.15584833493849,0.770895485006605,0.786567974974291,4.15584833493849
"351","dengue_sj",1,7,"geom",243,16.4422410038297,159.915600974518,8,22,2,49,22,3.85381216265736,0.744447619809663,0.765646388859914,3.85381216265736
"352","dengue_sj",1,8,"geom",243,13.8891626525537,108.332366051011,7,19,1,40,22,3.99897413408846,0.816589104529255,0.834923542448567,3.99897413408846
"353","dengue_sj",1,1,"geom",244,26.485609414077,287.444200350293,14,35,4,68,15,3.56912601183618,0.263514484958507,0.291694957278299,3.56912601183618
"354","dengue_sj",1,2,"geom",244,24.2307675585008,264.744823913902,12,32,3,65,19,3.54737084991222,0.435626668775034,0.464426929183739,3.54737084991222
"355","dengue_sj",1,3,"geom",244,21.6835857345249,231.98723278915,11,29,3,60,23,3.71285063522708,0.616441084403022,0.64084893054379,3.71285063522708
"356","dengue_sj",1,4,"geom",244,19.3298138614713,195.09123054645,9,26,2,55,28,4.12394925632376,0.782347582593498,0.798528069797266,4.12394925632376
"357","dengue_sj",1,5,"geom",244,16.6960291600943,150.019321960809,8,22,2,48,28,4.30652522643605,0.843839967682994,0.857320277012938,4.30652522643605
"358","dengue_sj",1,6,"geom",244,14.29269000368,109.023494436997,7,19,1,41,22,3.94348781090339,0.804607639983719,0.823988141188321,3.94348781090339
"359","dengue_sj",1,7,"geom",244,12.7068141313897,87.9846897215373,6,17,1,37,22,4.10179472983318,0.851456292089215,0.867999250690808,4.10179472983318
"360","dengue_sj",1,8,"geom",244,11.5856593442957,71.3371868031949,6,16,1,33,20,3.98277542089124,0.849550462536227,0.868184313261018,3.98277542089124
"361","dengue_sj",1,1,"geom",245,21.0788027000807,186.064808186528,11,28,3,55,19,3.47805482948912,0.504079270669917,0.534946665690755,3.47805482948912
"362","dengue_sj",1,2,"geom",245,18.8556701882711,163.41234951668,10,25,2,51,23,3.73289193201516,0.689044132207167,0.712967682626432,3.73289193201516
"363","dengue_sj",1,3,"geom",245,16.8680996132855,141.095042493941,8,23,2,47,28,4.25878551102455,0.841614229843895,0.855753694053943,4.25878551102455
"364","dengue_sj",1,4,"geom",245,15.1715829906906,120.968859533491,7,20,2,43,28,4.4475329741968,0.878564553848527,0.890271967713368,4.4475329741968
"365","dengue_sj",1,5,"geom",245,12.9916448446945,89.4850354381082,6,17,1,37,22,4.05932926263983,0.843908349928142,0.861168942485971,4.05932926263983
"366","dengue_sj",1,6,"geom",245,11.84960804971,75.1579778029744,6,16,1,34,22,4.20403754915028,0.876890723859464,0.891825877364629,4.20403754915028
"367","dengue_sj",1,7,"geom",245,10.8401194526353,60.5721998608047,5,15,1,30,20,4.07446514935696,0.873555577665591,0.890556883070381,4.07446514935696
"368","dengue_sj",1,8,"geom",245,10.4217086267327,54.7139500367848,5,14,1,29,26,5.04296270940316,0.956227865803423,0.962682462670796,5.04296270940316
"369","dengue_sj",1,1,"geom",246,18.4099099577677,143.613531663175,10,25,2,48,23,3.70680795192452,0.699032266851564,0.723588048389894,3.70680795192452
"370","dengue_sj",1,2,"geom",246,16.5583712553659,127.638348956626,8,22,2,45,28,4.26004847616934,0.850740163811475,0.864861781643109,4.26004847616934
"371","dengue_sj",1,3,"geom",246,14.5220220369684,102.421279124924,7,19,2,40,28,4.50054574322985,0.895297740115791,0.906400675648409,4.50054574322985
"372","dengue_sj",1,4,"geom",246,12.8359106860991,84.0270131713828,6,17,1,36,22,4.06007739966404,0.849727655302307,0.866975339401034,4.06007739966404
"373","dengue_sj",1,5,"geom",246,11.4054901300408,67.1472618909891,5,15,1,32,22,4.2578663899721,0.890528844237631,0.904681310301129,4.2578663899721
"374","dengue_sj",1,6,"geom",246,10.6611996895352,58.3913367871946,5,14,1,30,20,4.10252581349176,0.879867532851055,0.89639840158584,4.10252581349176
"375","dengue_sj",1,7,"geom",246,10.3117207401419,53.4048093680495,5,14,1,29,26,5.0767542881954,0.958256653401977,0.964496783247777,5.0767542881954
"376","dengue_sj",1,8,"geom",246,10.2024883661646,51.8717871245977,5,14,1,28,39,7.30235843929881,0.995647410373165,0.99632135780844,7.30235843929881
"377","dengue_sj",1,1,"geom",247,17.6315192510194,131.911672911345,9,24,2,46,28,4.1291705583557,0.826411998820241,0.842508222986112,4.1291705583557
"378","dengue_sj",1,2,"geom",247,15.4449678329683,109.039426523044,8,21,2,42,28,4.3672713106189,0.877472861922085,0.890158670937715,4.3672713106189
"379","dengue_sj",1,3,"geom",247,13.4916946387196,87.6763567999972,7,18,1,37,22,3.96887367076193,0.830609921391376,0.84950462420217,3.96887367076193
"380","dengue_sj",1,4,"geom",247,12.0165431703323,72.4594331249657,6,16,1,34,22,4.15845594798628,0.873459318603265,0.889090994019026,4.15845594798628
"381","dengue_sj",1,5,"geom",247,11.2194867328149,63.4146128162166,5,15,1,31,20,4.01318393170702,0.862762634161134,0.880838385721346,4.01318393170702
"382","dengue_sj",1,6,"geom",247,10.4550034150232,53.7980308653524,5,14,1,29,26,5.04189027423428,0.957040815120337,0.963502337837491,5.04189027423428
"383","dengue_sj",1,7,"geom",247,10.2960131917858,51.8210379253635,5,14,1,28,39,7.28636231860604,0.99566595233788,0.996350767002707,7.28636231860604
"384","dengue_sj",1,8,"geom",247,10.4653223268474,53.0190271570746,5,14,1,29,29,5.52863256822483,0.974316816237789,0.978288232256012,5.52863256822483
"385","dengue_sj",1,1,"geom",248,17.7334466989194,133.019517987327,9,24,2,46,28,4.12061488085915,0.823964669907477,0.840199198978651,4.12061488085915
"386","dengue_sj",1,2,"geom",248,15.2708253172787,104.722943694287,8,21,2,41,22,3.79909741934074,0.77364699037886,0.796037962775973,3.79909741934074
"387","dengue_sj",1,3,"geom",248,13.2553281172462,82.9382644382065,7,18,1,36,22,3.98457450304239,0.83814083941403,0.85674119644856,3.98457450304239
"388","dengue_sj",1,4,"geom",248,12.0698956085655,69.85615845332,6,16,1,33,20,3.88785270574719,0.834216587227697,0.854705882608878,3.88785270574719
"389","dengue_sj",1,5,"geom",248,11.3058518664584,62.1220077597892,6,15,1,31,26,4.82126998923777,0.942111523849113,0.95016807275796,4.82126998923777
"390","dengue_sj",1,6,"geom",248,10.8268810703191,57.0019527558599,5,15,1,30,39,7.00451877450126,0.99390771740865,0.994815488081229,7.00451877450126
"391","dengue_sj",1,7,"geom",248,10.8068262534088,55.9384621989549,5,15,1,29,29,5.41967427792307,0.970592122385164,0.97502071128727,5.41967427792307
"392","dengue_sj",1,8,"geom",248,11.0061259930869,57.1139483226011,5,15,1,30,37,6.65218261506035,0.991611784089647,0.992902984922973,6.65218261506035
"393","dengue_sj",1,1,"geom",249,17.5021032784422,129.487537849795,9,23,2,45,22,3.66371997873919,0.701765996743724,0.727402962895632,3.66371997873919
"394","dengue_sj",1,2,"geom",249,15.0809085901712,102.74507648455,8,20,2,40,22,3.81236306294169,0.780638109037739,0.802734012243629,3.81236306294169
"395","dengue_sj",1,3,"geom",249,13.3184961702655,83.4112502782544,7,18,1,36,20,3.75994380209317,0.792539383127221,0.815824432036358,3.75994380209317
"396","dengue_sj",1,4,"geom",249,12.2109716423527,71.2003135665321,6,16,1,33,26,4.63071065988359,0.924851541583173,0.934599370832224,4.63071065988359
"397","dengue_sj",1,5,"geom",249,11.6170569465548,64.5970293240965,6,16,1,32,39,6.66174399927909,0.990857650347086,0.992136564346317,6.66174399927909
"398","dengue_sj",1,6,"geom",249,11.3203927306037,61.0097395740415,6,15,1,31,29,5.26585269128211,0.964086198648987,0.969251185659692,5.26585269128211
"399","dengue_sj",1,7,"geom",249,11.4167087819545,61.6532351222853,6,15,1,31,37,6.47344359643711,0.989454804047269,0.990998704047083,6.47344359643711
"400","dengue_sj",1,8,"geom",249,11.9625172848899,66.5291294683901,6,16,1,32,36,6.12905100111566,0.98470274931647,0.986881396830512,6.12905100111566
"401","dengue_sj",1,1,"geom",250,15.894896054362,107.821652466396,8,21,2,41,22,3.73434113629169,0.754465195946689,0.778354101364282,3.73434113629169
"402","dengue_sj",1,2,"geom",250,13.9652299238219,87.5349101204853,7,19,2,37,20,3.69357649397515,0.769035294382045,0.793918143731535,3.69357649397515
"403","dengue_sj",1,3,"geom",250,12.7643564399353,75.7021582501391,6,17,1,35,26,4.52397967736306,0.913349020121795,0.924194795104338,4.52397967736306
"404","dengue_sj",1,4,"geom",250,11.9409912832576,67.7484622579686,6,16,1,32,39,6.559513305092,0.989732005827604,0.991148580810035,6.559513305092
"405","dengue_sj",1,5,"geom",250,11.4854871083611,61.4483242010702,6,16,1,31,29,5.21957017643027,0.962278771300737,0.967688425124255,5.21957017643027
"406","dengue_sj",1,6,"geom",250,11.6652144844325,63.1358899965896,6,16,1,32,37,6.3780104217854,0.988276925376854,0.989975424270414,6.3780104217854
"407","dengue_sj",1,7,"geom",250,12.0582136956396,66.6873988691466,6,16,1,33,36,6.09520257348722,0.984105884096147,0.986359537660156,6.09520257348722
"408","dengue_sj",1,8,"geom",250,12.9124197179492,75.404433484408,7,17,1,35,24,4.24267317719888,0.883997035175447,0.89836616440415,4.24267317719888
"409","dengue_sj",1,1,"geom",251,15.1288665465821,98.0737075690314,8,20,2,39,20,3.60368968075906,0.727825158336566,0.755048250731426,3.60368968075906
"410","dengue_sj",1,2,"geom",251,13.5593808621375,82.1174547095814,7,18,1,36,26,4.38739390559106,0.896501982960091,0.908935071799418,4.38739390559106
"411","dengue_sj",1,3,"geom",251,12.4753146926621,70.9245222961444,6,17,1,34,39,6.3938477097986,0.987900380534572,0.989572191700396,6.3938477097986
"412","dengue_sj",1,4,"geom",251,12.0219504364516,66.882922533922,6,16,1,32,29,5.08292904250294,0.954864140587803,0.961065857881044,5.08292904250294
"413","dengue_sj",1,5,"geom",251,11.9700729644033,65.7010859049658,6,16,1,32,37,6.2815545803418,0.986954345639264,0.98882483614432,6.2815545803418
"414","dengue_sj",1,6,"geom",251,12.3378565876193,69.969161098085,6,17,1,33,36,6.00957489522225,0.982287222756413,0.984742354403213,6.00957489522225
"415","dengue_sj",1,7,"geom",251,13.1660940607121,78.0021468449872,7,18,1,35,24,4.20734624046447,0.877134320515935,0.892020139869169,4.20734624046447
"416","dengue_sj",1,8,"geom",251,14.1944490035214,89.727876976099,7,19,2,38,36,5.48984386876511,0.965998036674824,0.970126525384803,5.48984386876511
"417","dengue_sj",1,1,"geom",252,14.3874465742079,89.0790160960306,7,19,2,38,26,4.2624909132925,0.878971289600087,0.893058458355067,4.2624909132925
"418","dengue_sj",1,2,"geom",252,13.1206185143512,76.0453607141319,7,18,1,35,39,6.1960949039454,0.984891226009669,0.986928597261879,6.1960949039454
"419","dengue_sj",1,3,"geom",252,12.5476782268086,71.4554603677134,6,17,1,34,29,4.96021770440101,0.947166230326756,0.954177631580266,4.96021770440101
"420","dengue_sj",1,4,"geom",252,12.3735820706978,70.2588264026768,6,17,1,33,37,6.15191514039108,0.984710756729887,0.986840156492869,6.15191514039108
"421","dengue_sj",1,5,"geom",252,12.7196827097182,73.0450320407994,6,17,1,34,36,5.88630806184272,0.979423912036958,0.982201123121459,5.88630806184272
"422","dengue_sj",1,6,"geom",252,13.4239263760656,81.0861469215362,7,18,1,36,24,4.17512888694947,0.870576839583474,0.885950049704645,4.17512888694947
"423","dengue_sj",1,7,"geom",252,14.4623823884535,92.6929991906587,7,19,2,39,36,5.42922387217559,0.963214018927909,0.967600517893662,5.42922387217559
"424","dengue_sj",1,8,"geom",252,15.9639236935817,111.651683400549,8,21,2,42,26,4.10643778108883,0.834829186396252,0.851295513233411,4.10643778108883
"425","dengue_sj",1,1,"geom",253,15.1587153581437,98.0211785730618,8,20,2,39,39,5.66487575047417,0.971615161951945,0.975080740294381,5.66487575047417
"426","dengue_sj",1,2,"geom",253,13.9804379260239,85.3693387012381,7,19,2,37,29,4.67248952417909,0.922262972184666,0.931611938239387,4.67248952417909
"427","dengue_sj",1,3,"geom",253,13.4321772124863,79.7447809735466,7,18,1,36,37,5.81118631224966,0.976811630565891,0.979805506858568,5.81118631224966
"428","dengue_sj",1,4,"geom",253,13.530757709666,81.6588152521036,7,18,1,36,36,5.65118963553449,0.972316372087111,0.97582970678714,5.65118963553449
"429","dengue_sj",1,5,"geom",253,14.0636471663231,87.9415549329115,7,19,2,38,24,4.09556667566373,0.852351702271109,0.86899801282169,4.09556667566373
"430","dengue_sj",1,6,"geom",253,15.0249394383933,101.059257993935,8,20,2,40,36,5.31583345038934,0.957015351744706,0.961928533899554,5.31583345038934
"431","dengue_sj",1,7,"geom",253,16.5461574718994,120.288238647699,9,22,2,44,26,4.05904280109609,0.819811492599677,0.837077030361768,4.05904280109609
"432","dengue_sj",1,8,"geom",253,18.2805288364455,145.782618139215,9,24,2,48,7,3.31591410801731,0.137756241136155,0.174057091644012,3.31591410801731
"433","dengue_sj",1,1,"geom",254,18.3957084888238,141.467503711879,10,25,2,48,29,4.15138981576545,0.824384491549533,0.84012701361795,4.15138981576545
"434","dengue_sj",1,2,"geom",254,16.9423196039957,124.87732532204,9,23,2,45,37,5.06898853496038,0.938144562443525,0.944433340247397,5.06898853496038
"435","dengue_sj",1,3,"geom",254,16.2790802693383,117.866440979343,8,22,2,43,36,5.07190931566429,0.939450336110229,0.9457207725718,5.07190931566429
"436","dengue_sj",1,4,"geom",254,16.2616770911428,117.747833473616,8,22,2,44,24,3.90998009098596,0.787782504825475,0.807823404877748,3.90998009098596
"437","dengue_sj",1,5,"geom",254,16.9892862921089,129.651921317605,9,23,2,46,36,4.9647021421208,0.928722925165378,0.935702954621648,4.9647021421208
"438","dengue_sj",1,6,"geom",254,18.0721527804308,146.532488338453,9,24,2,48,26,3.96570651736048,0.77836273249388,0.797317372592141,3.96570651736048
"439","dengue_sj",1,7,"geom",254,19.8983718143413,173.50107360813,10,27,3,53,7,3.43497134846136,0.11970530559447,0.151931639147201,3.43497134846136
"440","dengue_sj",1,1,"geom",255,19.0004668317978,149.952435898844,10,25,3,49,37,4.78110927544917,0.91000027313263,0.918386963788291,4.78110927544917
"441","dengue_sj",1,2,"geom",255,17.810201042081,135.614308103513,9,24,2,47,36,4.84050421040364,0.917618386714702,0.925521454952309,4.84050421040364
"442","dengue_sj",1,3,"geom",255,17.4678214665908,134.562091975524,9,23,2,46,24,3.83637844103032,0.752917503196506,0.774489086008346,3.83637844103032
"443","dengue_sj",1,4,"geom",255,17.9403246132386,143.693792808627,9,24,2,48,36,4.83637934925877,0.914162061370879,0.922097795993419,4.83637934925877
"444","dengue_sj",1,5,"geom",255,19.2226240479163,166.434480242538,10,26,2,52,26,3.91477939451284,0.747197197967883,0.767142146093238,3.91477939451284
"445","dengue_sj",1,6,"geom",255,20.7713293264938,193.051937827147,11,28,3,56,7,3.49155883301078,0.111605062605859,0.142058426049385,3.49155883301078
"446","dengue_sj",1,1,"geom",256,21.6282107622017,191.460394818861,11,29,3,56,36,4.44796333062028,0.852068973206544,0.863771349794616,4.44796333062028
"447","dengue_sj",1,2,"geom",256,20.6165595373118,180.162823248053,11,28,3,54,24,3.72287027270082,0.660018781961135,0.684183291440398,3.72287027270082
"448","dengue_sj",1,3,"geom",256,20.5025428254286,184.917894886684,11,27,3,55,36,4.56824299345084,0.869994527800545,0.88037070251847,4.56824299345084
"449","dengue_sj",1,4,"geom",256,21.0857881027084,198.937678673685,11,28,3,56,26,3.85029087137125,0.697444350740062,0.718717898412433,3.85029087137125
"450","dengue_sj",1,5,"geom",256,22.1663539618506,219.844886864788,11,30,3,59,7,3.59098227645752,0.0990520858266796,0.126623320369689,3.59098227645752
"451","dengue_sj",1,1,"geom",257,23.8875553767193,230.668540580159,13,32,3,61,24,3.67433920471698,0.570286336684071,0.595652498510026,3.67433920471698
"452","dengue_sj",1,2,"geom",257,23.3238231258087,230.421564524272,12,31,3,61,36,4.35878025285462,0.817179597644474,0.829973581205468,4.35878025285462
"453","dengue_sj",1,3,"geom",257,23.7213045686342,248.762303466215,12,32,3,63,26,3.79711746667007,0.630475384008937,0.652910733389312,3.79711746667007
"454","dengue_sj",1,4,"geom",257,24.8905305402856,282.560104650174,13,33,3,67,7,3.76907276711109,0.0802309715149788,0.103304419346136,3.76907276711109
"455","dengue_sj",1,1,"geom",258,23.2848046115234,218.746424231492,12,31,3,60,36,4.33680413342486,0.819576199918744,0.832654457772603,4.33680413342486
"456","dengue_sj",1,2,"geom",258,23.6431919035508,235.552191788692,12,32,3,62,26,3.78173159450469,0.62892723943825,0.65171044541255,3.78173159450469
"457","dengue_sj",1,3,"geom",258,24.7933719592243,270.838991975383,13,33,3,66,7,3.78267850347579,0.0783433981211388,0.101105040684216,3.78267850347578
"458","dengue_sj",1,1,"geom",259,26.8215087213968,285.42754658178,14,36,4,68,26,3.74765471577106,0.548904687311467,0.572477653694537,3.74765471577106
"459","dengue_sj",1,2,"geom",259,27.513900520058,318.939050681796,14,37,4,72,7,3.9898939610277,0.0612303101271117,0.0797319860416155,3.9898939610277
"460","dengue_sj",1,NA,"NA",NA,NA,NA,NA,NA,NA,NA,NA,NA,NA,NA,NA
"461","dengue_sj",1,NA,"NA",NA,NA,NA,NA,NA,NA,NA,NA,NA,NA,NA,NA
"462","dengue_sj",1,NA,"NA",NA,NA,NA,NA,NA,NA,NA,NA,NA,NA,NA,NA
"463","dengue_sj",1,NA,"NA",NA,NA,NA,NA,NA,NA,NA,NA,NA,NA,NA,NA
"464","dengue_sj",1,NA,"NA",NA,NA,NA,NA,NA,NA,NA,NA,NA,NA,NA,NA
"465","dengue_sj",1,NA,"NA",NA,NA,NA,NA,NA,NA,NA,NA,NA,NA,NA,NA
"466","dengue_sj",1,NA,"NA",NA,NA,NA,NA,NA,NA,NA,NA,NA,NA,NA,NA
"467","dengue_sj",1,NA,"NA",NA,NA,NA,NA,NA,NA,NA,NA,NA,NA,NA,NA
"468","dengue_sj",1,NA,"NA",NA,NA,NA,NA,NA,NA,NA,NA,NA,NA,NA,NA
"469","dengue_sj",1,NA,"NA",NA,NA,NA,NA,NA,NA,NA,NA,NA,NA,NA,NA
"470","dengue_sj",1,NA,"NA",NA,NA,NA,NA,NA,NA,NA,NA,NA,NA,NA,NA
"471","dengue_sj",1,NA,"NA",NA,NA,NA,NA,NA,NA,NA,NA,NA,NA,NA,NA
"472","dengue_sj",1,NA,"NA",NA,NA,NA,NA,NA,NA,NA,NA,NA,NA,NA,NA
"473","dengue_sj",1,NA,"NA",NA,NA,NA,NA,NA,NA,NA,NA,NA,NA,NA,NA
"474","dengue_sj",1,NA,"NA",NA,NA,NA,NA,NA,NA,NA,NA,NA,NA,NA,NA
"475","dengue_sj",1,NA,"NA",NA,NA,NA,NA,NA,NA,NA,NA,NA,NA,NA,NA
"476","dengue_sj",1,NA,"NA",NA,NA,NA,NA,NA,NA,NA,NA,NA,NA,NA,NA
"477","dengue_sj",1,NA,"NA",NA,NA,NA,NA,NA,NA,NA,NA,NA,NA,NA,NA
"478","dengue_sj",1,NA,"NA",NA,NA,NA,NA,NA,NA,NA,NA,NA,NA,NA,NA
"479","dengue_sj",1,NA,"NA",NA,NA,NA,NA,NA,NA,NA,NA,NA,NA,NA,NA
"480","dengue_sj",1,NA,"NA",NA,NA,NA,NA,NA,NA,NA,NA,NA,NA,NA,NA
